Workbook

Sheet План
A1: Контент-план РЕШЕНО — что за чем идёт
A2: Идём сверху вниз. В колонках площадок выберите «Выложено», когда пост вышел. «—» — на этой площадке не публикуем. Пути к файлам — от папки content/week-01_28.09-04.10/, если не указано иначе (папки reels/, brag-output/, youtube/ — в корне репозитория).
A3: № | B3: Блок | C3: Что выкладываем | D3: Формат | E3: Рубрика | F3: Telegram | G3: VK | H3: Instagram | I3: YouTube | J3: TG-чат | K3: Статус | L3: Материал | M3: Где лежит файл | N3: Что сделать перед публикацией | O3: Комментарий
A4: 1 | B4: 1. Запуск | C4: Первое сообщение канала — «визитка» (что это за канал) | D4: Пост | E4: Запуск | F4: Нужно | G4: — | H4: — | I4: — | J4: — | K4: =IF(COUNTIF(F4:J4,"Нужно")=0,"Готово","Осталось: "&COUNTIF(F4:J4,"Нужно")) | L4: Готов | M4: content/week-01_28.09-04.10/telegram/00-pervoe-soobschenie-kanala.md | N4: Опубликовать сразу после создания канала
A5: 2 | B5: 1. Запуск | C5: Манифест «Не просто послушать. Приехать решить.» + закрепить | D5: Пост + картинка | E5: Манифест | F5: Нужно | G5: Нужно | H5: — | I5: — | J5: — | K5: =IF(COUNTIF(F5:J5,"Нужно")=0,"Готово","Осталось: "&COUNTIF(F5:J5,"Нужно")) | L5: Готов | M5: telegram/1-pn-28.09-manifest.md · vk/1-pn-28.09-manifest/cover.png | N5: Подставить ссылку на канал в VK-версии
A6: 3 | B6: 1. Запуск | C6: Рассылка по базе ассоциации со ссылкой на канал | D6: Рассылка | E6: Привлечение | F6: Нужно | G6: — | H6: — | I6: — | J6: — | K6: =IF(COUNTIF(F6:J6,"Нужно")=0,"Готово","Осталось: "&COUNTIF(F6:J6,"Нужно")) | L6: Готов | M6: telegram/0-rassylka-po-baze-associacii.md | N6: От имени Р. А. Прокопьева; вставить ссылку на канал
A7: 4 | B7: 1. Запуск | C7: Карусель «Не просто послушать» (6 слайдов) | D7: Карусель | E7: Манифест | F7: — | G7: Нужно | H7: Нужно | I7: — | J7: — | K7: =IF(COUNTIF(F7:J7,"Нужно")=0,"Готово","Осталось: "&COUNTIF(F7:J7,"Нужно")) | L7: Готов | M7: instagram/1-pn-28.09-karusel-manifest/ (slide-1…6 + podpis.md)
A8: 5 | B8: 1. Запуск | C8: Сторис «Мы запустились» + ссылка на канал | D8: Сторис | E8: Запуск | F8: — | G8: Нужно | H8: Нужно | I8: — | J8: — | K8: =IF(COUNTIF(F8:J8,"Нужно")=0,"Готово","Осталось: "&COUNTIF(F8:J8,"Нужно")) | L8: Готов | M8: instagram/stories/1-pn-28.09-*.png | N8: Добавить стикер-ссылку на канал
A9: 6 | B9: 1. Запуск | C9: Промо-ролик форума (горизонтальный, 23 с) | D9: Видео | E9: Промо | F9: Нужно | G9: Нужно | H9: — | I9: Нужно | J9: — | K9: =IF(COUNTIF(F9:J9,"Нужно")=0,"Готово","Осталось: "&COUNTIF(F9:J9,"Нужно")) | L9: Готов | M9: brag-output/brag.mp4 | N9: В ролике есть дата 13–14 ноября — проверить, что актуально
A10: 7 | B10: 1. Запуск | C10: Дерзкий вертикальный промо «Не ещё одна конференция» | D10: Рилс | E10: Промо | F10: Нужно | G10: Нужно | H10: Нужно | I10: — | J10: — | K10: =IF(COUNTIF(F10:J10,"Нужно")=0,"Готово","Осталось: "&COUNTIF(F10:J10,"Нужно")) | L10: Готов | M10: brag-output/brag-vertical.mp4 | N10: В ролике дата и «стартовая цена для первых 50» — проверить
A11: 8 | B11: 2. Кто мы | C11: Видеообращение Р. А. Прокопьева «Зачем мы делаем РЕШЕНО» | D11: Видео / рилс | E11: Организатор | F11: Нужно | G11: Нужно | H11: Нужно | I11: — | J11: — | K11: =IF(COUNTIF(F11:J11,"Нужно")=0,"Готово","Осталось: "&COUNTIF(F11:J11,"Нужно")) | L11: Нужно снять | M11: Сценарий: instagram/2-vt-29.09-rils-organizator/scenariy.md · обложка там же | N11: Снять 30–45 с вертикально, с субтитрами
A12: 9 | B12: 2. Кто мы | C12: Сторис «Готовим РЕШЕНО» + опрос «Были на форуме, который помог?» | D12: Сторис | E12: Закулисье | F12: — | G12: Нужно | H12: Нужно | I12: — | J12: — | K12: =IF(COUNTIF(F12:J12,"Нужно")=0,"Готово","Осталось: "&COUNTIF(F12:J12,"Нужно")) | L12: Нужно сделать | M12: instagram/stories/2-vt-*.png | N12: Нужно фото команды в рамку
A13: 10 | B13: 3. Атмосфера | C13: Рилс «Полный зал» | D13: Рилс | E13: Атмосфера | F13: Нужно | G13: Нужно | H13: Нужно | I13: — | J13: — | K13: =IF(COUNTIF(F13:J13,"Нужно")=0,"Готово","Осталось: "&COUNTIF(F13:J13,"Нужно")) | L13: Готов | M13: reels/reel1-polnyy-zal.mp4 (без музыки: reels/bez-muzyki/) | N13: Подпись — reels/README.md
A14: 11 | B14: 3. Атмосфера | C14: Рилс «Как это выглядит» — день форума | D14: Рилс | E14: Атмосфера | F14: Нужно | G14: Нужно | H14: Нужно | I14: — | J14: — | K14: =IF(COUNTIF(F14:J14,"Нужно")=0,"Готово","Осталось: "&COUNTIF(F14:J14,"Нужно")) | L14: Готов | M14: reels/reel2-kak-eto-vyglyadit.mp4
A15: 12 | B15: 4. Вопросы бизнеса | C15: Пост «5 вопросов, ради которых стоит приехать» + карточка | D15: Пост + картинка | E15: 5 вопросов | F15: Нужно | G15: Нужно | H15: — | I15: — | J15: — | K15: =IF(COUNTIF(F15:J15,"Нужно")=0,"Готово","Осталось: "&COUNTIF(F15:J15,"Нужно")) | L15: Готов | M15: telegram/3-sr-30.09-5-voprosov.md · vk/3-sr-30.09-5-voprosov/
A16: 13 | B16: 4. Вопросы бизнеса | C16: Карусель «5 вопросов» (7 слайдов) | D16: Карусель | E16: 5 вопросов | F16: — | G16: — | H16: Нужно | I16: — | J16: — | K16: =IF(COUNTIF(F16:J16,"Нужно")=0,"Готово","Осталось: "&COUNTIF(F16:J16,"Нужно")) | L16: Готов | M16: instagram/3-sr-30.09-karusel-5-voprosov/
A17: 14 | B17: 4. Вопросы бизнеса | C17: Сторис со стикером-вопросом «Какой вопрос не даёт покоя?» | D17: Сторис | E17: 5 вопросов | F17: — | G17: Нужно | H17: Нужно | I17: — | J17: — | K17: =IF(COUNTIF(F17:J17,"Нужно")=0,"Готово","Осталось: "&COUNTIF(F17:J17,"Нужно")) | L17: Готов | M17: instagram/stories/3-sr-30.09-vopros.png | N17: Добавить стикер-вопрос
A18: 15 | B18: 4. Вопросы бизнеса | C18: Опрос «Что мешает бизнесу расти?» (5 вариантов) | D18: Опрос | E18: Опрос | F18: Нужно | G18: Нужно | H18: Нужно | I18: — | J18: — | K18: =IF(COUNTIF(F18:J18,"Нужно")=0,"Готово","Осталось: "&COUNTIF(F18:J18,"Нужно")) | L18: Готов | M18: telegram/4-cht-01.10-opros.md · vk/4-cht-01.10-opros/ · stories/4-cht-* | N18: Переслать опрос в чаты ассоциации
A19: 16 | B19: 3. Атмосфера | C19: Рилс «Сцена» — «Минимум сцены. Максимум разбора.» | D19: Рилс | E19: Атмосфера | F19: Нужно | G19: Нужно | H19: Нужно | I19: — | J19: — | K19: =IF(COUNTIF(F19:J19,"Нужно")=0,"Готово","Осталось: "&COUNTIF(F19:J19,"Нужно")) | L19: Готов | M19: reels/reel3-scena.mp4
A20: 17 | B20: 4. Вопросы бизнеса | C20: Вопрос недели: «Спортшкола без CRM — через 3 года всё?» | D20: Пост + рилс | E20: Future | F20: Нужно | G20: Нужно | H20: Нужно | I20: — | J20: — | K20: =IF(COUNTIF(F20:J20,"Нужно")=0,"Готово","Осталось: "&COUNTIF(F20:J20,"Нужно")) | L20: Нужно снять | M20: telegram/5-pt-02.10-vopros-nedeli.md · vk/5-pt-02.10-klip-vopros-nedeli/ (обложка, титры, сценарий) | N20: Снять ролик с человеком в кадре
A21: 18 | B21: 4. Вопросы бизнеса | C21: Итоги опроса — цифры + диаграмма + карусель | D21: Пост + карусель | E21: Опрос | F21: Нужно | G21: Нужно | H21: Нужно | I21: — | J21: — | K21: =IF(COUNTIF(F21:J21,"Нужно")=0,"Готово","Осталось: "&COUNTIF(F21:J21,"Нужно")) | L21: Ждём цифры опроса | M21: telegram/6-sb-03.10-itogi-oprosa.md · vk/6-sb-03.10-itogi-oprosa/ · instagram/6-sb-03.10-karusel-itogi/ | N21: Прислать результаты — перерисую картинки
A22: 19 | B22: 3. Атмосфера | C22: Рилс «Hot Seat» — вопросы из зала | D22: Рилс | E22: Атмосфера | F22: Нужно | G22: Нужно | H22: Нужно | I22: — | J22: — | K22: =IF(COUNTIF(F22:J22,"Нужно")=0,"Готово","Осталось: "&COUNTIF(F22:J22,"Нужно")) | L22: Готов | M22: reels/reel4-hot-seat.mp4
A23: 20 | B23: 5. Форматы | C23: Business Live: «Три бизнеса. Три проблемы. Три решения.» + набор на разбор | D23: Пост + картинка | E23: Business Live | F23: Нужно | G23: Нужно | H23: — | I23: — | J23: — | K23: =IF(COUNTIF(F23:J23,"Нужно")=0,"Готово","Осталось: "&COUNTIF(F23:J23,"Нужно")) | L23: Готов | M23: brag-output/post-business-live.png · текст: brag-output/posts.md (№3)
A24: 21 | B24: 5. Форматы | C24: Карусель «5 вопросов собственнику» с сессиями программы | D24: Карусель | E24: 5 вопросов | F24: — | G24: Нужно | H24: Нужно | I24: — | J24: — | K24: =IF(COUNTIF(F24:J24,"Нужно")=0,"Готово","Осталось: "&COUNTIF(F24:J24,"Нужно")) | L24: Готов | M24: brag-output/carousel/ (slide-1…7) | N24: В подписи есть даты — проверить
A25: 22 | B25: 6. Лёгкое | C25: Мем «Понедельник владельца спортивной школы» | D25: Пост + картинка | E25: Лёгкий | F25: Нужно | G25: Нужно | H25: — | I25: — | J25: — | K25: =IF(COUNTIF(F25:J25,"Нужно")=0,"Готово","Осталось: "&COUNTIF(F25:J25,"Нужно")) | L25: Готов | M25: telegram/7-vs-04.10-mem/
A26: 23 | B26: 6. Лёгкое | C26: Сторис: закулисье + анонс следующей темы | D26: Сторис | E26: Закулисье | F26: — | G26: Нужно | H26: Нужно | I26: — | J26: — | K26: =IF(COUNTIF(F26:J26,"Нужно")=0,"Готово","Осталось: "&COUNTIF(F26:J26,"Нужно")) | L26: Нужно сделать | M26: instagram/stories/7-vs-04.10-anons.png | N26: Нужно фото закулисья в рамку
A27: 24 | B27: 7. Чат | C27: Создать чат и закрепить правила | D27: Чат | E27: Чат | F27: — | G27: — | H27: — | I27: — | J27: Нужно | K27: =IF(COUNTIF(F27:J27,"Нужно")=0,"Готово","Осталось: "&COUNTIF(F27:J27,"Нужно")) | L27: Готов | M27: telegram-chat/1-nastroyka.md · 2-pravila-zakrep.md · 3-opisanie.md
A28: 25 | B28: 7. Чат | C28: Лично пригласить 10–15 человек | D28: Чат | E28: Чат | F28: — | G28: — | H28: — | I28: — | J28: Нужно | K28: =IF(COUNTIF(F28:J28,"Нужно")=0,"Готово","Осталось: "&COUNTIF(F28:J28,"Нужно")) | L28: Нужно сделать | M28: telegram-chat/5-lichnoe-priglashenie.md (там же таблица приглашённых) | N28: Составить список людей
A29: 26 | B29: 7. Чат | C29: Первое сообщение модератора в чате | D29: Чат | E29: Чат | F29: — | G29: — | H29: — | I29: — | J29: Нужно | K29: =IF(COUNTIF(F29:J29,"Нужно")=0,"Готово","Осталось: "&COUNTIF(F29:J29,"Нужно")) | L29: Готов | M29: telegram-chat/4-privetstvie.md
A30: 27 | B30: 8. YouTube | C30: Интро, переход и аутро — вставлять в каждый ролик | D30: Оформление | E30: YouTube | F30: — | G30: — | H30: — | I30: Нужно | J30: — | K30: =IF(COUNTIF(F30:J30,"Нужно")=0,"Готово","Осталось: "&COUNTIF(F30:J30,"Нужно")) | L30: Готов | M30: youtube/ (intro, stinger, outro + README) | N30: Не публикуются отдельно — используются при монтаже
A31: 28 | B31: 11. Неделя 27.10–02.11 | C31: Вт 27.10 · Зубр: «Вот такой вот спортбизнес, собачка» | D31: Картинка | E31: Зубр | F31: Нужно | G31: Нужно | H31: Нужно | I31: — | J31: — | K31: =IF(COUNTIF(F31:J31,"Нужно")=0,"Готово","Осталось: "&COUNTIF(F31:J31,"Нужно")) | L31: Нужно сделать | M31: content/nedelya-5_27.10-02.11/01-zubr-sportbiznes/ | N31: Сгенерировать зубра в спортзале (промпт в tekst.md)
A32: 29 | B32: 11. Неделя 27.10–02.11 | C32: Чт 29.10 · Схема зала «Места разбирают» + тарифы | D32: Картинка | E32: Продажа | F32: Нужно | G32: Нужно | H32: Нужно | I32: — | J32: — | K32: =IF(COUNTIF(F32:J32,"Нужно")=0,"Готово","Осталось: "&COUNTIF(F32:J32,"Нужно")) | L32: Готов | M32: content/nedelya-5_27.10-02.11/02-skhema-zala/ | N32: Подставить ссылки [ЧАТ] [ВК]
A33: 30 | B33: 11. Неделя 27.10–02.11 | C33: Сб 31.10 · Все спикеры в одном посте | D33: Картинка | E33: Спикеры | F33: Нужно | G33: Нужно | H33: Нужно | I33: — | J33: — | K33: =IF(COUNTIF(F33:J33,"Нужно")=0,"Готово","Осталось: "&COUNTIF(F33:J33,"Нужно")) | L33: Ждём цифры опроса | M33: content/nedelya-5_27.10-02.11/03-spikery-vmeste/ | N33: Кто есть кто на фото + данные 4 спикеров
A34: 31 | B34: 11. Неделя 27.10–02.11 | C34: Пн 02.11 · Рилс «До форума 11 дней» | D34: Рилс | E34: Отсчёт | F34: — | G34: Нужно | H34: Нужно | I34: — | J34: — | K34: =IF(COUNTIF(F34:J34,"Нужно")=0,"Готово","Осталось: "&COUNTIF(F34:J34,"Нужно")) | L34: Готов | M34: reels/bez-muzyki/reel6-otschet-11-dney-bez-zvuka.mp4 | N34: Трендовый трек в приложении
A35: 32 | B35: 10. Недели 3–4 | C35: Пн 12.10 · Рилс с зубром + карусель «9 форматов форума» | D35: Рилс + карусель | E35: Знакомство | F35: Нужно | G35: Нужно | H35: Нужно | I35: — | J35: — | K35: =IF(COUNTIF(F35:J35,"Нужно")=0,"Готово","Осталось: "&COUNTIF(F35:J35,"Нужно")) | L35: Готов | M35: content/nedeli-3-4_12.10-25.10/01-pn-12.10-zubr-formaty/ · reels/reel5-zubr-znakomtes.mp4
A36: 33 | B36: 10. Недели 3–4 | C36: Вт 13.10 · Сколько стоит потерянный клиент + чек-лист | D36: Карусель | E36: Польза | F36: Нужно | G36: Нужно | H36: Нужно | I36: — | J36: — | K36: =IF(COUNTIF(F36:J36,"Нужно")=0,"Готово","Осталось: "&COUNTIF(F36:J36,"Нужно")) | L36: Готов | M36: content/nedeli-3-4_12.10-25.10/02-vt-13.10-poteryannyy-klient/ | N36: Сразу после поста — чек-лист в Telegram
A37: 34 | B37: 10. Недели 3–4 | C37: Ср 14.10 · Розыгрыш билета (итоги 25.10) | D37: Карусель + сторис | E37: Розыгрыш | F37: Нужно | G37: Нужно | H37: Нужно | I37: — | J37: — | K37: =IF(COUNTIF(F37:J37,"Нужно")=0,"Готово","Осталось: "&COUNTIF(F37:J37,"Нужно")) | L37: Готов | M37: content/nedeli-3-4_12.10-25.10/03-sr-14.10-rozygrysh-bileta/ | N37: Записать выбор победителя
A38: 35 | B38: 10. Недели 3–4 | C38: Ср 14.10 · Мем «Родительский чат в 23:47» | D38: Мем | E38: Мем | F38: Нужно | G38: Нужно | H38: Нужно | I38: — | J38: — | K38: =IF(COUNTIF(F38:J38,"Нужно")=0,"Готово","Осталось: "&COUNTIF(F38:J38,"Нужно")) | L38: Готов | M38: content/nedeli-3-4_12.10-25.10/03-sr-14.10-mem-roditelskiy-chat/
A39: 36 | B39: 10. Недели 3–4 | C39: Чт 15.10 · 5 фраз, которые удерживают после пробного | D39: Карусель | E39: Польза | F39: Нужно | G39: Нужно | H39: Нужно | I39: — | J39: — | K39: =IF(COUNTIF(F39:J39,"Нужно")=0,"Готово","Осталось: "&COUNTIF(F39:J39,"Нужно")) | L39: Готов | M39: content/nedeli-3-4_12.10-25.10/04-cht-15.10-5-fraz-posle-probnogo/
A40: 37 | B40: 10. Недели 3–4 | C40: Пт 16.10 · Мем «Нет / Да» + рилс «Полный зал» | D40: Мем + рилс | E40: Мем | F40: Нужно | G40: Нужно | H40: Нужно | I40: — | J40: — | K40: =IF(COUNTIF(F40:J40,"Нужно")=0,"Готово","Осталось: "&COUNTIF(F40:J40,"Нужно")) | L40: Готов | M40: content/nedeli-3-4_12.10-25.10/05-pt-16.10-mem-net-da/ | N40: Рилс — под трендовый звук
A41: 38 | B41: 10. Недели 3–4 | C41: Сб 17.10 · Как выглядит день на РЕШЕНО | D41: Карусель | E41: Форум | F41: Нужно | G41: Нужно | H41: Нужно | I41: — | J41: — | K41: =IF(COUNTIF(F41:J41,"Нужно")=0,"Готово","Осталось: "&COUNTIF(F41:J41,"Нужно")) | L41: Готов | M41: content/nedeli-3-4_12.10-25.10/06-sb-17.10-den-na-reshno/
A42: 39 | B42: 10. Недели 3–4 | C42: Вс 18.10 · Какой ты зубр сегодня? | D42: Картинка | E42: Вовлечение | F42: Нужно | G42: Нужно | H42: Нужно | I42: — | J42: — | K42: =IF(COUNTIF(F42:J42,"Нужно")=0,"Готово","Осталось: "&COUNTIF(F42:J42,"Нужно")) | L42: Готов | M42: content/nedeli-3-4_12.10-25.10/07-vs-18.10-kakoy-ty-zubr/
A43: 40 | B43: 10. Недели 3–4 | C43: Пн 19.10 · 6 цифр каждый понедельник | D43: Карусель | E43: Польза | F43: Нужно | G43: Нужно | H43: Нужно | I43: — | J43: — | K43: =IF(COUNTIF(F43:J43,"Нужно")=0,"Готово","Осталось: "&COUNTIF(F43:J43,"Нужно")) | L43: Готов | M43: content/nedeli-3-4_12.10-25.10/08-pn-19.10-6-cifr-ponedelnika/
A44: 41 | B44: 10. Недели 3–4 | C44: Вт 20.10 · Мем «Ожидание / реальность: второй филиал» | D44: Мем | E44: Мем | F44: Нужно | G44: Нужно | H44: Нужно | I44: — | J44: — | K44: =IF(COUNTIF(F44:J44,"Нужно")=0,"Готово","Осталось: "&COUNTIF(F44:J44,"Нужно")) | L44: Готов | M44: content/nedeli-3-4_12.10-25.10/09-vt-20.10-mem-ozhidanie-realnost/
A45: 42 | B45: 10. Недели 3–4 | C45: Ср 21.10 · 5 вопросов тренеру на собеседовании | D45: Карусель | E45: Польза | F45: Нужно | G45: Нужно | H45: Нужно | I45: — | J45: — | K45: =IF(COUNTIF(F45:J45,"Нужно")=0,"Готово","Осталось: "&COUNTIF(F45:J45,"Нужно")) | L45: Готов | M45: content/nedeli-3-4_12.10-25.10/10-sr-21.10-sobesedovanie-trenera/
A46: 43 | B46: 10. Недели 3–4 | C46: Чт 22.10 · Мем «Уровни владельца» + рилс «Hot Seat» | D46: Мем + рилс | E46: Мем | F46: Нужно | G46: Нужно | H46: Нужно | I46: — | J46: — | K46: =IF(COUNTIF(F46:J46,"Нужно")=0,"Готово","Осталось: "&COUNTIF(F46:J46,"Нужно")) | L46: Готов | M46: content/nedeli-3-4_12.10-25.10/11-cht-22.10-mem-urovni/ | N46: Рилс — под трендовый звук
A47: 44 | B47: 10. Недели 3–4 | C47: Пт 23.10 · Business Live: подайте бизнес на разбор | D47: Карусель | E47: Форум | F47: Нужно | G47: Нужно | H47: Нужно | I47: — | J47: — | K47: =IF(COUNTIF(F47:J47,"Нужно")=0,"Готово","Осталось: "&COUNTIF(F47:J47,"Нужно")) | L47: Готов | M47: content/nedeli-3-4_12.10-25.10/12-pt-23.10-business-live/ | N47: Ссылка ведёт на #business-live
A48: 45 | B48: 10. Недели 3–4 | C48: Сб 24.10 · Вы покупаете не билет | D48: Карусель | E48: Продажа | F48: Нужно | G48: Нужно | H48: Нужно | I48: — | J48: — | K48: =IF(COUNTIF(F48:J48,"Нужно")=0,"Готово","Осталось: "&COUNTIF(F48:J48,"Нужно")) | L48: Готов | M48: content/nedeli-3-4_12.10-25.10/13-sb-24.10-ne-bilet/
A49: 46 | B49: 10. Недели 3–4 | C49: Вс 25.10 · Итоги розыгрыша билета | D49: Картинка + сторис | E49: Розыгрыш | F49: Нужно | G49: Нужно | H49: Нужно | I49: — | J49: — | K49: =IF(COUNTIF(F49:J49,"Нужно")=0,"Готово","Осталось: "&COUNTIF(F49:J49,"Нужно")) | L49: Готов | M49: content/nedeli-3-4_12.10-25.10/14-vs-25.10-itogi-rozygrysha/
A50: 47 | B50: 10. Недели 3–4 | C50: Каждый день · Сторис-отсчёт 32 → 19 дней | D50: Сторис | E50: Отсчёт | F50: — | G50: Нужно | H50: Нужно | I50: — | J50: — | K50: =IF(COUNTIF(F50:J50,"Нужно")=0,"Готово","Осталось: "&COUNTIF(F50:J50,"Нужно")) | L50: Готов | M50: content/nedeli-3-4_12.10-25.10/storis-otschet/
A51: 48 | B51: 9. Неделя 2 — спикеры | C51: Пн 05.10 · Тизер «На этой неделе раскрываем всех спикеров» | D51: Пост + сторис | E51: Спикеры | F51: Нужно | G51: Нужно | H51: Нужно | I51: — | J51: — | K51: =IF(COUNTIF(F51:J51,"Нужно")=0,"Готово","Осталось: "&COUNTIF(F51:J51,"Нужно")) | L51: Готов | M51: content/week-02_05.10-11.10/telegram/1-pn-05.10-tizer.md · Figma: «Неделя 2 — спикеры»
A52: 49 | B52: 9. Неделя 2 — спикеры | C52: Вт 06.10 · Спикеры трека MONEY | D52: Пост + карусель | E52: Спикеры | F52: Нужно | G52: Нужно | H52: Нужно | I52: — | J52: — | K52: =IF(COUNTIF(F52:J52,"Нужно")=0,"Готово","Осталось: "&COUNTIF(F52:J52,"Нужно")) | L52: Ждём цифры опроса | M52: content/week-02_05.10-11.10/telegram/2-vt-06.10-money.md · Figma | N52: Нужны имена, должности, темы, фото, ники; пригласить спикеров соавторами
A53: 50 | B53: 9. Неделя 2 — спикеры | C53: Ср 07.10 · Спикеры трека CLIENT | D53: Пост + карусель | E53: Спикеры | F53: Нужно | G53: Нужно | H53: Нужно | I53: — | J53: — | K53: =IF(COUNTIF(F53:J53,"Нужно")=0,"Готово","Осталось: "&COUNTIF(F53:J53,"Нужно")) | L53: Ждём цифры опроса | M53: content/week-02_05.10-11.10/telegram/3-sr-07.10-client.md · Figma | N53: То же
A54: 51 | B54: 9. Неделя 2 — спикеры | C54: Чт 08.10 · Спикеры трека TEAM | D54: Пост + карусель | E54: Спикеры | F54: Нужно | G54: Нужно | H54: Нужно | I54: — | J54: — | K54: =IF(COUNTIF(F54:J54,"Нужно")=0,"Готово","Осталось: "&COUNTIF(F54:J54,"Нужно")) | L54: Ждём цифры опроса | M54: content/week-02_05.10-11.10/telegram/4-cht-08.10-team.md · Figma | N54: То же
A55: 52 | B55: 9. Неделя 2 — спикеры | C55: Пт 09.10 · Спикеры треков GROWTH + FUTURE | D55: Пост + карусель | E55: Спикеры | F55: Нужно | G55: Нужно | H55: Нужно | I55: — | J55: — | K55: =IF(COUNTIF(F55:J55,"Нужно")=0,"Готово","Осталось: "&COUNTIF(F55:J55,"Нужно")) | L55: Ждём цифры опроса | M55: content/week-02_05.10-11.10/telegram/5-pt-09.10-growth-future.md · Figma | N55: То же
A56: 53 | B56: 9. Неделя 2 — спикеры | C56: Сб 10.10 · «Все спикеры РЕШЕНО» — закрепить | D56: Пост + карусель | E56: Спикеры | F56: Нужно | G56: Нужно | H56: Нужно | I56: — | J56: — | K56: =IF(COUNTIF(F56:J56,"Нужно")=0,"Готово","Осталось: "&COUNTIF(F56:J56,"Нужно")) | L56: Ждём цифры опроса | M56: content/week-02_05.10-11.10/telegram/6-sb-10.10-vse-spikery.md · Figma | N56: Открепить манифест, закрепить этот пост
A57: 54 | B57: 9. Неделя 2 — спикеры | C57: Вс 11.10 · Опрос «Чей разбор ждёте больше всего?» | D57: Опрос + сторис | E57: Спикеры | F57: Нужно | G57: Нужно | H57: Нужно | I57: — | J57: — | K57: =IF(COUNTIF(F57:J57,"Нужно")=0,"Готово","Осталось: "&COUNTIF(F57:J57,"Нужно")) | L57: Ждём цифры опроса | M57: content/week-02_05.10-11.10/telegram/7-vs-11.10-opros.md · Figma
A58: 55 | B58: 9. Неделя 2 — спикеры | C58: Каждый день · Сторис-отсчёт «До форума N дней» + сторис каждого спикера | D58: Сторис | E58: Отсчёт | F58: — | G58: Нужно | H58: Нужно | I58: — | J58: — | K58: =IF(COUNTIF(F58:J58,"Нужно")=0,"Готово","Осталось: "&COUNTIF(F58:J58,"Нужно")) | L58: Готов | M58: content/week-02_05.10-11.10/instagram/README.md · Figma | N58: Вт 38, Ср 37, Чт 36, Пт 35, Сб 34, Вс 33

Sheet Сводка
A1: Сводка по площадкам
A2: Площадка | B2: Запланировано | C2: Выложено | D2: Осталось | E2: Прогресс
A3: Telegram | B3: =COUNTIF(План!F4:F108,"Нужно")+COUNTIF(План!F4:F108,"Выложено") | C3: =COUNTIF(План!F4:F108,"Выложено") | D3: =B3-C3 | E3: =IF(B3=0,0,C3/B3)
A4: VK | B4: =COUNTIF(План!G4:G108,"Нужно")+COUNTIF(План!G4:G108,"Выложено") | C4: =COUNTIF(План!G4:G108,"Выложено") | D4: =B4-C4 | E4: =IF(B4=0,0,C4/B4)
A5: Instagram | B5: =COUNTIF(План!H4:H108,"Нужно")+COUNTIF(План!H4:H108,"Выложено") | C5: =COUNTIF(План!H4:H108,"Выложено") | D5: =B5-C5 | E5: =IF(B5=0,0,C5/B5)
A6: YouTube | B6: =COUNTIF(План!I4:I108,"Нужно")+COUNTIF(План!I4:I108,"Выложено") | C6: =COUNTIF(План!I4:I108,"Выложено") | D6: =B6-C6 | E6: =IF(B6=0,0,C6/B6)
A7: TG-чат | B7: =COUNTIF(План!J4:J108,"Нужно")+COUNTIF(План!J4:J108,"Выложено") | C7: =COUNTIF(План!J4:J108,"Выложено") | D7: =B7-C7 | E7: =IF(B7=0,0,C7/B7)
A8: Всего публикаций | B8: =SUM(B3:B7) | C8: =SUM(C3:C7) | D8: =B8-C8 | E8: =IF(B8=0,0,C8/B8)
A10: Пунктов плана | B10: =COUNTA(План!C4:C108)
A11: Готово целиком | B11: =COUNTIF(План!K4:K108,"Готово")
A12: Материал не готов (снять / сделать / цифры) | B12: =COUNTIF(План!L4:L108,"<>Готов")-COUNTBLANK(План!L4:L108)

Sheet Как пользоваться
A1: Как пользоваться таблицей
A2: 1. Идём по листу «План» сверху вниз — это рекомендуемый порядок. Даты не жёсткие: порядок можно менять, вырезав и вставив строку.
A3: 2. Колонки Telegram / VK / Instagram / YouTube / TG-чат: «Нужно» — надо выложить, «Выложено» — вышло, «—» — на этой площадке не публикуем. Значения выбираются из списка.
A4: 3. «Статус» считается сам: «Готово», когда на всех нужных площадках стоит «Выложено», иначе — сколько площадок осталось.
A5: 4. «Материал»: «Готов» — можно публиковать; «Нужно снять», «Нужно сделать», «Ждём цифры опроса» — подсвечено красным, сначала доделать.
A6: 5. Новый пункт — добавьте строку внизу и выберите значения из списков; на листе «Сводка» он учтётся автоматически.
A7: Пример строки: «Рилс «Полный зал» | Рилс | Атмосфера | Telegram: Нужно | VK: Выложено | Instagram: Выложено | YouTube: — | TG-чат: — | Материал: Готов».
