Workbook

Sheet Расписание 12–25.10
A1: РЕШЕНО · расписание публикаций 12–25 октября
A2: VK и Instagram — привлекаем новых людей и лиды (охват, мемы, рилсы, ссылка на сайт и в Telegram). Telegram-канал — главная площадка: полные тексты, программа, условия, чек-листы. Telegram-чат — живое общение: вопрос дня, нетворкинг. В колонках «статус» выберите «Выложено», когда опубликовали.
A3: Дата | B3: День | C3: Время | D3: Тип | E3: Тема | F3: Instagram: что выкладываем | G3: VK: что выкладываем | H3: Telegram-канал: что выкладываем | I3: Telegram-чат: что выкладываем | J3: Сторис IG+VK: что выкладываем | K3: Instagram: статус | L3: VK: статус | M3: Telegram-канал: статус | N3: Telegram-чат: статус | O3: Сторис IG+VK: статус | P3: Готово? | Q3: Папка с материалами
A4: 12.10 | B4: Пн | C4: 12:00 / 18:00 | D4: Знакомство · форматы | E4: Знакомьтесь: зубр + 9 форматов форума | F4: Рилс «Знакомьтесь, это зубр» (12:00, версия без звука + трендовый трек, удар на 2-й секунде) + карусель 5 сл. (18:00) · CTA: подпишитесь | G4: Клип с зубром + карусель · CTA: подпишитесь, ссылка на сайт | H4: Пост «9 форматов форума» полностью + рилс | I4: Знакомство: «Кто вы, какой бизнес, какой город?» — первое сообщение недели | J4: Репост рилса + опрос «Какой формат интереснее?» · отсчёт 32 | K4: Нужно | L4: Нужно | M4: Нужно | N4: Нужно | O4: Нужно | P4: =IF(COUNTIF(K4:O4,"Нужно")=0,"Всё выложено","Осталось: "&COUNTIF(K4:O4,"Нужно")) | Q4: content/nedeli-3-4_12.10-25.10/01-pn-12.10-zubr-formaty
A5: 13.10 | B5: Вт | C5: 10:00 | D5: Польза · лид-магнит | E5: Сколько стоит потерянный клиент + чек-лист «12 причин» (PDF) | F5: Карусель 6 сл. · CTA: слово КЛИЕНТЫ → в директ ссылка на чек-лист в TG | G5: Карусель + текст · CTA: чек-лист в Telegram (ссылка) | H5: Пост + PDF-чек-лист «12 причин» отдельным сообщением (закрепить на день) | I5: «Кто считал LTV? Сколько месяцев в среднем ходит ваш клиент?» | J5: Зубр в шоке + викторина «Сколько ходит клиент» · отсчёт 31 | K5: Нужно | L5: Нужно | M5: Нужно | N5: Нужно | O5: Нужно | P5: =IF(COUNTIF(K5:O5,"Нужно")=0,"Всё выложено","Осталось: "&COUNTIF(K5:O5,"Нужно")) | Q5: content/nedeli-3-4_12.10-25.10/02-vt-13.10-poteryannyy-klient
A6: 14.10 | B6: Ср | C6: 12:00 + 19:00 | D6: Розыгрыш + мем | E6: Розыгрыш билета (итоги 25.10) + мем «Родительский чат» | F6: 12:00 розыгрыш (2 сл.) · 19:00 мем · CTA: отметьте коллегу | G6: Розыгрыш + мем · CTA: подписка и отметка коллеги | H6: Пост с полными условиями розыгрыша (закрепить) + мем | I6: «Во сколько вам пришло последнее сообщение от родителя?» + ссылка на розыгрыш | J6: Сторис «Разыгрываем билет» + стикер-ссылка · отсчёт 30 | K6: Нужно | L6: Нужно | M6: Нужно | N6: Нужно | O6: Нужно | P6: =IF(COUNTIF(K6:O6,"Нужно")=0,"Всё выложено","Осталось: "&COUNTIF(K6:O6,"Нужно")) | Q6: content/nedeli-3-4_12.10-25.10/03-sr-14.10-rozygrysh-bileta
A7: 15.10 | B7: Чт | C7: 10:00 | D7: Польза | E7: 5 фраз, которые удерживают клиента после пробного занятия | F7: Карусель 7 сл. · CTA: сохраните, отправьте админу | G7: Карусель + текст · CTA: сохраните | H7: Пост с фразами полностью + ссылка на сайт | I7: «Какая фраза у вас лучше всего удерживает после пробного?» | J7: Обложка + «Сохраните» · отсчёт 29 | K7: Нужно | L7: Нужно | M7: Нужно | N7: Нужно | O7: Нужно | P7: =IF(COUNTIF(K7:O7,"Нужно")=0,"Всё выложено","Осталось: "&COUNTIF(K7:O7,"Нужно")) | Q7: content/nedeli-3-4_12.10-25.10/04-cht-15.10-5-fraz-posle-probnogo
A8: 16.10 | B8: Пт | C8: 19:00 | D8: Мем + рилс | E8: «Нет / Да» про форумы (верх — ч/б зубр) + рилс «Полный зал» | F8: Мем + рилс под трендовый звук · CTA: ссылка в профиле | G8: Мем + клип · CTA: ссылка на сайт | H8: Мем + рилс | I8: «Пятничный вопрос: лучший и худший форум, на котором вы были?» | J8: Мем + опрос «Какой форум выберете?» · напоминание о розыгрыше · отсчёт 28 | K8: Нужно | L8: Нужно | M8: Нужно | N8: Нужно | O8: Нужно | P8: =IF(COUNTIF(K8:O8,"Нужно")=0,"Всё выложено","Осталось: "&COUNTIF(K8:O8,"Нужно")) | Q8: content/nedeli-3-4_12.10-25.10/05-pt-16.10-mem-net-da
A9: 17.10 | B9: Сб | C9: 12:00 | D9: Форум | E9: Как выглядит день на РЕШЕНО (13.11 по часам) | F9: Карусель 6 сл. · CTA: программа по ссылке в профиле | G9: Карусель + текст · CTA: программа на сайте (#program) | H9: Пост с полной программой дня — важная информация, закрепить | I9: «Какую сессию 13 ноября ждёте больше всего?» | J9: Слайды «Утро» и «Вечер» + вопрос · отсчёт 27 | K9: Нужно | L9: Нужно | M9: Нужно | N9: Нужно | O9: Нужно | P9: =IF(COUNTIF(K9:O9,"Нужно")=0,"Всё выложено","Осталось: "&COUNTIF(K9:O9,"Нужно")) | Q9: content/nedeli-3-4_12.10-25.10/06-sb-17.10-den-na-reshno
A10: 18.10 | B10: Вс | C10: 12:00 | D10: Вовлечение | E10: «Какой ты зубр сегодня?» | F10: Картинка «Какой ты зубр» · CTA: цифра в комментариях | G10: Картинка · CTA: цифра в комментариях | H10: «Какой ты зубр» + напоминание о розыгрыше | I10: «Какой вы зубр сегодня?» | J10: Картинка + опрос · отсчёт 26 | K10: Нужно | L10: Нужно | M10: Нужно | N10: Нужно | O10: Нужно | P10: =IF(COUNTIF(K10:O10,"Нужно")=0,"Всё выложено","Осталось: "&COUNTIF(K10:O10,"Нужно")) | Q10: content/nedeli-3-4_12.10-25.10/07-vs-18.10-kakoy-ty-zubr
A11: 19.10 | B11: Пн | C11: 10:00 | D11: Польза | E11: 6 цифр, которые владелец смотрит каждый понедельник | F11: Карусель 5 сл. · CTA: сохраните | G11: Карусель + текст · CTA: сессия Finance на сайте | H11: Пост с цифрами полностью | I11: «Покажите, какие цифры смотрите вы — таблица, CRM, тетрадка?» | J11: Флипчарт + шкала «Сколько цифр из 6 считаете» · отсчёт 25 | K11: Нужно | L11: Нужно | M11: Нужно | N11: Нужно | O11: Нужно | P11: =IF(COUNTIF(K11:O11,"Нужно")=0,"Всё выложено","Осталось: "&COUNTIF(K11:O11,"Нужно")) | Q11: content/nedeli-3-4_12.10-25.10/08-pn-19.10-6-cifr-ponedelnika
A12: 20.10 | B12: Вт | C12: 19:00 | D12: Мем | E12: Ожидание / реальность: второй филиал | F12: Мем · CTA: отметьте того, кто собирается открывать | G12: Мем · CTA: отметьте коллегу | H12: Мем + анонс дебатов Owner vs Owner | I12: «У кого 2+ филиала — главная ошибка при открытии второго?» | J12: Мем + опрос «Второй филиал: есть / думаю / ни за что» · отсчёт 24 | K12: Нужно | L12: Нужно | M12: Нужно | N12: Нужно | O12: Нужно | P12: =IF(COUNTIF(K12:O12,"Нужно")=0,"Всё выложено","Осталось: "&COUNTIF(K12:O12,"Нужно")) | Q12: content/nedeli-3-4_12.10-25.10/09-vt-20.10-mem-ozhidanie-realnost
A13: 21.10 | B13: Ср | C13: 10:00 | D13: Польза | E13: 5 вопросов тренеру на собеседовании | F13: Карусель 7 сл. · CTA: сохраните к найму | G13: Карусель + текст · CTA: сессия Team на сайте | H13: Пост с вопросами полностью | I13: «Ваш главный вопрос на собеседовании тренера?» | J13: Обложка + стикер «Вопрос» · отсчёт 23 | K13: Нужно | L13: Нужно | M13: Нужно | N13: Нужно | O13: Нужно | P13: =IF(COUNTIF(K13:O13,"Нужно")=0,"Всё выложено","Осталось: "&COUNTIF(K13:O13,"Нужно")) | Q13: content/nedeli-3-4_12.10-25.10/10-sr-21.10-sobesedovanie-trenera
A14: 22.10 | B14: Чт | C14: 19:00 | D14: Мем + рилс | E14: Уровни владельца + рилс «Hot Seat» | F14: Мем + рилс под трендовый звук · CTA: ссылка в профиле | G14: Мем + клип · CTA: ссылка на сайт | H14: Мем + рилс | I14: «Какой вопрос вы бы задали на Hot Seat, если бы никто не узнал, что это вы?» | J14: Мем + шкала уровней · репост рилса · отсчёт 22 | K14: Нужно | L14: Нужно | M14: Нужно | N14: Нужно | O14: Нужно | P14: =IF(COUNTIF(K14:O14,"Нужно")=0,"Всё выложено","Осталось: "&COUNTIF(K14:O14,"Нужно")) | Q14: content/nedeli-3-4_12.10-25.10/11-cht-22.10-mem-urovni
A15: 23.10 | B15: Пт | C15: 10:00 | D15: Форум · заявки | E15: Business Live: подайте бизнес на разбор | F15: Карусель 4 сл. · CTA: заявка по ссылке в профиле | G15: Карусель + текст · CTA: заявка на сайте (#business-live) | H15: Пост: как работает разбор, даты, ссылка на заявку — закрепить | I15: «Кто подаёт бизнес на разбор? Вопросы по заявке — сюда» | J15: Обложка + стикер-ссылка на заявку · отсчёт 21 | K15: Нужно | L15: Нужно | M15: Нужно | N15: Нужно | O15: Нужно | P15: =IF(COUNTIF(K15:O15,"Нужно")=0,"Всё выложено","Осталось: "&COUNTIF(K15:O15,"Нужно")) | Q15: content/nedeli-3-4_12.10-25.10/12-pt-23.10-business-live
... A17: 25.10 | B17: Вс | C17: 12:00 | D17: Итоги розыгрыша | E17: Итоги розыгрыша билета | F17: Картинка-победитель · CTA: стартовая цена для первых 50 | G17: Картинка · CTA: забронировать (#tickets) | H17: Пост-итоги + видео выбора победителя | I17: Поздравляем победителя + итоги двух недель | J17: Сторис-победитель + отметка · отсчёт 19 | K17: Нужно | L17: Нужно | M17: Нужно | N17: Нужно | O17: Нужно | P17: =IF(COUNTIF(K17:O17,"Нужно")=0,"Всё выложено","Осталось: "&COUNTIF(K17:O17,"Нужно")) | Q17: content/nedeli-3-4_12.10-25.10/14-vs-25.10-itogi-rozygrysha

Sheet Роли площадок
A1: Площадка | B1: Роль | C1: Что выкладываем | D1: Призыв (CTA) | E1: Как мерить
A2: Instagram | B2: Привлечение новых людей и лидов | C2: Карусели-полезняшки, мемы с зубром, рилсы под трендовый звук, сторис каждый день | D2: Ссылка в профиле на сайт · слово в комментариях → лид-магнит в Telegram · соавторство со спикерами | E2: Охват, сохранения, переходы по ссылке, заявки с utm_source=instagram
A3: VK | B3: Привлечение новых людей и лидов | C3: Те же карусели и мемы, клипы, сторис | D3: Ссылка на сайт (utm_source=vk) · ссылка на Telegram-канал | E3: Охват, переходы, заявки с utm_source=vk
A4: Telegram-канал | B4: Главная площадка комьюнити и важной информации | C4: Полные тексты, программа, условия конкурсов, чек-листы, анонсы, опросы | D4: Ссылка на сайт (utm_source=telegram) · закреп с главным | E4: Подписчики, просмотры, реакции, заявки с utm_source=telegram
A5: Telegram-чат | B5: Живое общение участников | C5: Вопрос дня, знакомства, обсуждения, поиск партнёров и попутчиков на форум | D5: Отвечать, знакомить людей между собой, звать в канал за подробностями | E5: Сообщения в день, новые участники, кто представился
A6: Сторис IG + VK | B6: Ежедневный контакт | C6: Отсчёт «До форума N дней», репост поста дня, опросы и вопросы | D6: Стикер-ссылка на сайт или пост | E6: Ответы на стикеры, переходы

Sheet Сводка
A1: Площадка | B1: Запланировано | C1: Выложено | D1: Осталось | E1: Прогресс
A2: Instagram | B2: =COUNTIF('Расписание 12–25.10'!K4:K17,"Нужно")+COUNTIF('Расписание 12–25.10'!K4:K17,"Выложено") | C2: =COUNTIF('Расписание 12–25.10'!K4:K17,"Выложено") | D2: =B2-C2 | E2: =IF(B2=0,0,C2/B2)
A3: VK | B3: =COUNTIF('Расписание 12–25.10'!L4:L17,"Нужно")+COUNTIF('Расписание 12–25.10'!L4:L17,"Выложено") | C3: =COUNTIF('Расписание 12–25.10'!L4:L17,"Выложено") | D3: =B3-C3 | E3: =IF(B3=0,0,C3/B3)
A4: Telegram-канал | B4: =COUNTIF('Расписание 12–25.10'!M4:M17,"Нужно")+COUNTIF('Расписание 12–25.10'!M4:M17,"Выложено") | C4: =COUNTIF('Расписание 12–25.10'!M4:M17,"Выложено") | D4: =B4-C4 | E4: =IF(B4=0,0,C4/B4)
A5: Telegram-чат | B5: =COUNTIF('Расписание 12–25.10'!N4:N17,"Нужно")+COUNTIF('Расписание 12–25.10'!N4:N17,"Выложено") | C5: =COUNTIF('Расписание 12–25.10'!N4:N17,"Выложено") | D5: =B5-C5 | E5: =IF(B5=0,0,C5/B5)
A6: Сторис IG+VK | B6: =COUNTIF('Расписание 12–25.10'!O4:O17,"Нужно")+COUNTIF('Расписание 12–25.10'!O4:O17,"Выложено") | C6: =COUNTIF('Расписание 12–25.10'!O4:O17,"Выложено") | D6: =B6-C6 | E6: =IF(B6=0,0,C6/B6)
